Image	Object ID	Object type	Name	Classification	Parent	ROI	Centroid X µm	Centroid Y µm	Num Detections	Num AID+	Num AID+: CD20+	Num AID+: CD20+: CD4+	Num AID+: CD4+	Num AID+: Ki67+	Num AID+: Ki67+: CD20+	Num AID+: Ki67+: CD20+: CD4+	Num AID+: Ki67+: CD4+	Num CD20+	Num CD20+: CD4+	Num CD21+	Num CD21+: AID+	Num CD21+: AID+: CD20+	Num CD21+: AID+: CD20+: CD4+	Num CD21+: AID+: CD4+	Num CD21+: AID+: Ki67+	Num CD21+: AID+: Ki67+: CD20+	Num CD21+: AID+: Ki67+: CD20+: CD4+	Num CD21+: AID+: Ki67+: CD4+	Num CD21+: CD20+	Num CD21+: CD20+: CD4+	Num CD21+: CD4+	Num CD21+: Ki67+: CD20+	Num CD4+	Num Ki67+	Num Ki67+: CD20+	Num Ki67+: CD20+: CD4+	Num Ki67+: CD4+	Num PNAd+	Num PNAd+: AID+: CD20+: CD4+	Num PNAd+: CD20+: CD4+	Num PNAd+: CD21+: AID+: CD20+: CD4+	Num PNAd+: CD21+: AID+: CD4+	Num PNAd+: CD21+: AID+: Ki67+: CD20+: CD4+	Num PNAd+: CD21+: AID+: Ki67+: CD4+	Num PNAd+: CD4+	Area µm^2	Perimeter µm
PBC-PR-6403_1A_Scan1.qptiff - resolution #1	aab78f27-4907-4220-9f29-8724e6858444	Annotation		LA	Root object (Image)	Geometry	9505	2276.5	97	0	0	0	0	0	0	0	0	26	5	0	0	0	0	0	0	0	0	0	0	0	0	0	18	0	3	1	3	0	0	0	0	0	0	0	0	9256.5	1374
PBC-PR-6403_1A_Scan1.qptiff - resolution #1	02f1ec1d-cfb3-4470-9550-72f19c3599ba	Annotation		LA	Root object (Image)	Geometry	9800	2281.2	34	0	0	0	0	0	0	0	0	6	2	0	0	0	0	0	0	0	0	0	0	0	0	0	16	0	0	0	2	0	0	0	0	0	0	0	0	2791.2	555.95
PBC-PR-6403_1A_Scan1.qptiff - resolution #1	75b30d71-20cf-4dd9-b76d-1bf9c7dbad89	Annotation		CD21+	Root object (Image)	Geometry	9495.1	2288.4	82	0	0	0	0	0	0	0	0	4	1	4	29	17	1	2	0	1	0	0	6	0	1	1	2	2	0	0	0	0	0	0	0	0	0	0	0	8610	492.41
PBC-PR-6403_1A_Scan1.qptiff - resolution #1	e8121d4f-2b8c-46a3-92ed-2eb8defc7ece	Annotation		CD21+	Root object (Image)	Geometry	9738.2	2297	106	0	0	0	0	0	0	0	0	2	0	8	25	31	0	8	0	0	0	0	11	1	2	0	7	1	0	0	0	0	0	0	0	0	0	0	0	10234.2	532.12
PBC-PR-6403_1A_Scan1.qptiff - resolution #1	8772c90d-ea70-428f-90ef-0f10479b2196	Annotation		LA	Root object (Image)	Geometry	9674.9	2316.9	69	0	0	0	0	0	0	0	0	22	0	0	0	0	0	0	0	0	0	0	0	0	0	0	24	1	0	0	0	0	0	0	0	0	0	0	0	5298.5	825.98
PBC-PR-6403_1A_Scan1.qptiff - resolution #1	d8c8cd17-b480-4663-b69f-e3cb10af8119	Annotation		LA	Root object (Image)	Polygon	13189.9	2361.6	13	0	0	0	0	0	0	0	0	6	0	0	0	0	0	0	0	0	0	0	0	0	0	0	0	0	0	0	0	0	0	0	0	0	0	0	0	1750.4	349.45
PBC-PR-6403_1A_Scan1.qptiff - resolution #1	45fb5d88-ecb8-4f99-86d9-c89fff0b5431	Annotation		LA	Root object (Image)	Polygon	10689.1	2547.8	15	0	0	0	0	0	0	0	0	2	0	0	0	0	0	0	0	0	0	0	0	0	0	0	4	1	0	0	0	0	0	0	0	0	0	0	0	1687.3	341.51
PBC-PR-6403_1A_Scan1.qptiff - resolution #1	40d20e4f-b17a-45ff-b424-2b8eac7bfdbf	Annotation		LA	Root object (Image)	Geometry	10653.5	2590.4	42	0	0	0	0	0	0	0	0	9	0	0	0	0	0	0	0	0	0	0	0	0	0	0	12	2	1	0	0	0	0	0	0	0	0	0	0	4147.3	405.05
PBC-PR-6403_1A_Scan1.qptiff - resolution #1	214df9fb-5943-4fff-9615-a6954f8b0ce6	Annotation		LA	Root object (Image)	Geometry	16395.9	2596.5	530	0	0	0	0	0	0	0	0	237	57	0	0	0	0	0	0	0	0	0	1	0	0	0	129	4	2	3	5	0	0	0	0	0	0	0	0	62982.3	3581.9
PBC-PR-6403_1A_Scan1.qptiff - resolution #1	590b31cc-5d98-4cf9-8c43-73c7dad93ff0	Annotation		CD21+	Root object (Image)	Geometry	10421.5	2632.4	190	0	0	0	0	0	0	0	0	27	0	4	22	88	0	1	0	0	0	0	21	1	0	2	2	0	0	0	0	0	0	0	0	0	0	0	0	15800.8	1040.4
PBC-PR-6403_1A_Scan1.qptiff - resolution #1	c563431e-bd0b-4b90-a06c-b30130b3217d	Annotation		LA	Root object (Image)	Geometry	10425.8	2677.4	453	0	0	0	0	0	0	0	0	220	6	0	0	0	0	0	0	0	0	0	1	0	0	0	66	2	2	0	2	0	0	0	0	0	0	0	0	39738.4	3431
PBC-PR-6403_1A_Scan1.qptiff - resolution #1	8c6ae81f-7671-419f-9719-89262a8c9abb	Annotation		LA	Root object (Image)	Polygon	10634.3	2705.5	20	0	0	0	0	0	0	0	0	1	0	0	0	0	0	0	0	0	0	0	0	0	0	0	10	0	0	0	0	0	0	0	0	0	0	0	0	1576.9	254.15
PBC-PR-6403_1A_Scan1.qptiff - resolution #1	6bfdb2c4-7e9b-46c3-bd51-359993c9ab1c	Annotation		LA	Root object (Image)	Polygon	10581.5	2712.5	25	0	0	0	0	0	0	0	0	4	0	0	0	0	0	0	0	0	0	0	0	0	0	0	10	0	0	0	0	0	0	0	0	0	0	0	0	2128.8	365.34
PBC-PR-6403_1A_Scan1.qptiff - resolution #1	b36252af-9c0e-47aa-b9e1-215144f22a19	Annotation		LA	Root object (Image)	Polygon	10258.3	3136.1	38	0	0	0	0	0	0	0	0	12	2	0	0	0	0	0	0	0	0	0	0	0	0	0	14	0	0	0	0	0	0	0	0	0	0	0	0	3311.5	357.39
PBC-PR-6403_1A_Scan1.qptiff - resolution #1	07edaa7b-3bc0-4725-ab68-227baecd0813	Annotation		LA	Root object (Image)	Geometry	10417.1	3463.7	186	0	0	0	0	0	0	0	0	32	4	0	0	0	0	0	0	0	0	0	0	0	0	0	67	0	0	1	2	0	0	0	0	0	0	0	0	15674.6	1652
PBC-PR-6403_1A_Scan1.qptiff - resolution #1	db642512-8871-4ede-bcbb-b78567321463	Annotation		LA	Root object (Image)	Polygon	10470.8	3597.8	21	0	0	0	0	0	0	0	0	3	0	0	0	0	0	0	0	0	0	0	0	0	0	0	12	1	0	0	0	0	0	0	0	0	0	0	0	1781.9	309.74
PBC-PR-6403_1A_Scan1.qptiff - resolution #1	e0387748-ceb9-4cb6-ba7e-e5a5c7d9817c	Annotation		LA	Root object (Image)	Polygon	10462.6	3667	22	0	0	0	0	0	0	0	0	3	1	0	0	0	0	0	0	0	0	0	0	0	0	0	14	0	0	0	0	0	0	0	0	0	0	0	0	1766.2	333.57
PBC-PR-6403_1A_Scan1.qptiff - resolution #1	335d93c4-3a8a-456d-935f-729ff0dbc48e	Annotation		LA	Root object (Image)	Polygon	10404.7	3752.1	41	0	0	0	0	0	0	0	0	6	0	0	0	0	0	0	0	0	0	0	0	0	0	0	18	0	0	0	0	0	0	0	0	0	0	0	0	3595.4	484.47
PBC-PR-6403_1A_Scan1.qptiff - resolution #1	a6d427b4-6155-4cd0-a913-a44e45c718fc	Annotation		LA	Root object (Image)	Polygon	10457.9	3776	17	0	0	0	0	0	0	0	0	4	0	0	0	0	0	0	0	0	0	0	0	0	0	0	5	0	0	0	0	0	0	0	0	0	0	0	0	1576.9	285.92
PBC-PR-6403_1A_Scan1.qptiff - resolution #1	20948f86-3525-469f-ada0-0e038cc18de6	Annotation		LA	Root object (Image)	Polygon	10981.3	4011.7	28	0	0	0	0	0	0	0	0	4	0	0	0	0	0	0	0	0	0	0	0	0	0	0	12	1	0	0	0	0	0	0	0	0	0	0	0	2680.8	420.93
PBC-PR-6403_1A_Scan1.qptiff - resolution #1	54a94b05-5133-4615-a154-af0bc83936ab	Annotation		LA	Root object (Image)	Polygon	10854.6	4038.5	24	0	0	0	0	0	0	0	0	5	0	0	0	0	0	0	0	0	0	0	0	0	0	0	7	0	0	0	0	0	0	0	0	0	0	0	0	2696.5	412.99
PBC-PR-6403_1A_Scan1.qptiff - resolution #1	d6e4412d-5a1e-422e-b6f7-a3bc947a8f7b	Annotation		LA	Root object (Image)	Polygon	11008.5	4121.9	19	0	0	0	0	0	0	0	0	5	0	0	0	0	0	0	0	0	0	0	0	0	0	0	1	0	0	0	0	0	0	0	0	0	0	0	0	2097.3	341.51
PBC-PR-6403_1A_Scan1.qptiff - resolution #1	3a6d3ec1-05c9-4d60-b576-1cadc6ec9b62	Annotation		LA	Root object (Image)	Polygon	10861.7	4144.8	38	0	0	0	0	0	0	0	0	17	4	0	0	0	0	0	0	0	0	0	0	0	0	0	5	3	0	0	0	0	0	0	0	0	0	0	0	3059.2	397.1
PBC-PR-6403_1A_Scan1.qptiff - resolution #1	d107130d-d1ea-4d74-bfd0-cb6c278b5bff	Annotation		LA	Root object (Image)	Polygon	9687.8	5273.6	24	0	0	0	0	0	0	0	0	2	2	0	0	0	0	0	0	0	0	0	0	0	0	0	13	0	1	0	0	0	0	0	0	0	0	0	0	1876.5	270.03
PBC-PR-6403_1A_Scan1.qptiff - resolution #1	4bdef7c0-e704-44ca-b0d4-d3a215849a63	Annotation		LA	Root object (Image)	Polygon	14855.8	5642	17	0	0	0	0	0	0	0	0	3	0	0	0	0	0	0	0	0	0	0	0	0	0	0	6	0	0	0	0	0	0	0	0	0	0	0	0	1640	222.38
PBC-PR-6403_1A_Scan1.qptiff - resolution #1	85b1a177-d74d-4f29-99d1-2b9d811ca092	Annotation		LA	Root object (Image)	Geometry	14993.2	5669.5	236	0	1	0	0	0	0	0	0	51	4	0	0	0	0	0	0	0	0	0	0	0	0	0	76	4	1	0	0	2	0	0	0	0	0	0	0	22723.4	1659.9
PBC-PR-6403_1A_Scan1.qptiff - resolution #1	ac822e9b-fe0b-410d-9321-ec3db2321b6a	Annotation		LA	Root object (Image)	Polygon	8928.5	6195	20	0	0	0	0	0	0	0	0	0	0	0	0	0	0	0	0	0	0	0	0	0	0	0	18	0	0	0	0	0	0	0	0	0	0	0	0	1576.9	357.39
PBC-PR-6403_1A_Scan1.qptiff - resolution #1	30b99db6-1a2b-4af0-8f57-fe7fb9a77feb	Annotation		LA	Root object (Image)	Polygon	9131.2	6351	44	0	0	0	0	0	0	0	0	9	1	0	0	0	0	0	0	0	0	0	0	0	0	0	15	0	1	0	2	0	0	0	0	0	0	0	0	4983.1	857.75
PBC-PR-6403_1A_Scan1.qptiff - resolution #1	97674405-a584-43a5-93a2-02c84e6c7ccd	Annotation		LA	Root object (Image)	Geometry	8994.5	6363.1	76	0	0	0	0	0	0	0	0	10	4	0	0	0	0	0	0	0	0	0	0	0	0	0	30	0	1	0	2	0	0	0	0	0	0	0	0	6828.1	818.04
PBC-PR-6403_1A_Scan1.qptiff - resolution #1	b449a24b-f50f-4786-a0ab-34c5ab81d35b	Annotation		LA	Root object (Image)	Polygon	9010.5	6444.5	33	0	0	0	0	0	0	0	0	7	4	0	0	0	0	0	0	0	0	0	0	0	0	0	14	0	0	0	0	0	0	0	0	0	0	0	0	3027.7	468.58
PBC-PR-6403_1A_Scan1.qptiff - resolution #1	ff6d3194-1871-4154-9d90-1a2840ca51c1	Annotation		LA	Root object (Image)	Polygon	8227.7	6468.2	136	0	0	0	0	0	0	0	0	58	3	0	0	0	0	0	0	0	0	0	0	0	0	0	31	0	3	0	1	0	0	0	0	0	0	0	0	10675.8	1254.9
PBC-PR-6403_1A_Scan1.qptiff - resolution #1	d7772c2c-84bc-4dff-852a-5e4d2e3e26a1	Annotation		CD21+	Root object (Image)	Geometry	8217.5	6478.8	84	0	0	0	0	0	0	0	0	9	0	3	19	25	1	0	0	0	0	0	19	0	0	0	3	0	0	0	0	0	0	0	0	0	0	0	0	7159.2	563.89
PBC-PR-6403_1A_Scan1.qptiff - resolution #1	6df06f15-78f5-4a75-8222-5dacb20fcd62	Annotation		LA	Root object (Image)	Geometry	4231.3	6823.1	351	0	0	0	0	0	0	0	0	205	27	0	0	1	0	0	0	0	0	0	8	0	0	0	50	0	1	0	0	0	0	0	0	0	0	0	0	29535.7	2160.2
PBC-PR-6403_1A_Scan1.qptiff - resolution #1	58130dff-93f5-464b-a9e4-7bc838ca7b35	Annotation		LA	Root object (Image)	Polygon	11328.1	7693.8	62	0	0	0	0	0	0	0	0	16	2	0	0	0	0	0	0	0	0	0	0	0	0	0	24	0	0	0	1	0	0	0	0	0	0	0	0	5724.2	627.43
PBC-PR-6403_1A_Scan1.qptiff - resolution #1	256939ce-9124-4e31-bbf3-86fecf80236f	Annotation		LA	Root object (Image)	Polygon	5533.2	8420.3	18	0	0	0	0	0	0	0	0	3	0	0	0	0	0	0	0	0	0	0	0	0	0	0	6	0	0	0	0	0	0	0	0	0	0	0	0	1876.5	301.8
PBC-PR-6403_1A_Scan1.qptiff - resolution #1	50ee628c-4221-4f33-b556-8d0e0d1f8201	Annotation		LA	Root object (Image)	Polygon	4936	9138.9	30	0	0	0	0	0	0	0	0	18	2	0	0	1	0	0	0	0	0	0	0	1	0	0	2	0	1	0	0	0	0	0	0	0	0	0	0	2286.5	270.03
PBC-PR-6403_1A_Scan1.qptiff - resolution #1	89f46b56-285b-4475-9dcc-3c7c7fa7d27f	Annotation		LA	Root object (Image)	Polygon	4844.1	9183.5	24	0	0	0	0	0	0	0	0	19	2	0	0	0	0	0	0	0	0	0	3	0	0	0	0	0	0	0	0	0	0	0	0	0	0	0	0	1671.5	349.45
PBC-PR-6403_1A_Scan1.qptiff - resolution #1	b14357bb-8b75-432c-a8e2-39545aa7b5e0	Annotation		CD21+	Root object (Image)	Geometry	4850.9	9208.7	180	0	0	0	0	0	0	0	0	16	4	1	5	84	1	0	0	0	0	0	62	3	1	2	0	0	0	0	0	0	0	0	0	0	0	0	0	14996.5	1937.9
PBC-PR-6403_1A_Scan1.qptiff - resolution #1	865fb94c-8a5d-480b-b7bb-a9b91de88c36	Annotation		LA	Root object (Image)	Geometry	4906.4	9230.1	34	0	0	0	0	0	0	0	0	17	2	0	0	1	0	0	0	0	0	0	5	0	0	0	4	0	1	0	0	0	0	0	0	0	0	0	0	3011.9	651.25
PBC-PR-6403_1A_Scan1.qptiff - resolution #1	3f5928f5-04e0-4d95-a008-5803e92d41fa	Annotation		LA	Root object (Image)	Geometry	4768.8	9256	119	0	1	0	0	0	0	1	0	56	15	0	0	1	1	0	0	0	0	0	10	2	0	0	15	0	0	0	0	0	0	0	0	0	0	0	0	10029.2	1278.7
PBC-PR-6403_1A_Scan1.qptiff - resolution #1	4ac67394-f0f5-4020-87f3-20e27dae62ae	Annotation		CD21+	Root object (Image)	Geometry	7269.1	10284	131	0	0	0	0	0	0	0	0	24	1	16	24	22	0	2	0	0	0	0	3	0	3	0	6	0	0	0	0	0	0	0	0	0	0	0	0	11054.2	1096
PBC-PR-6403_1A_Scan1.qptiff - resolution #1	f30a75ad-05a9-48e3-875e-e3f6727ef04d	Annotation		LA	Root object (Image)	Geometry	7310.3	10314.9	937	0	1	0	0	0	0	0	0	275	35	0	0	0	0	0	0	0	0	0	0	0	0	0	276	7	0	0	3	0	0	0	0	0	0	0	0	77694.9	5225.9
PBC-PR-6403_1A_Scan1.qptiff - resolution #1	56bf9aa8-330a-4706-afeb-8a6d781fb881	Annotation		LA	Root object (Image)	Polygon	7392.8	10673.6	44	0	0	0	0	0	0	0	0	2	2	0	0	0	0	0	0	0	0	0	0	0	0	0	36	0	0	1	1	0	0	0	0	0	0	0	0	4194.6	484.47
PBC-PR-6403_1A_Scan1.qptiff - resolution #1	73000cc9-8ae4-4a79-b24f-599f86ff1481	Annotation		LA	Root object (Image)	Geometry	4439.9	10673.8	319	0	0	0	0	0	0	0	0	146	17	0	0	0	0	0	0	0	0	0	1	0	0	0	50	0	1	0	4	0	0	0	0	0	0	0	0	28747.3	2374.7
PBC-PR-6403_1A_Scan1.qptiff - resolution #1	560fd5a9-910e-414b-bcb8-8ece81f76653	Annotation		LA	Root object (Image)	Polygon	12636.8	10796.3	51	0	0	0	0	0	0	0	0	14	3	0	0	0	0	0	0	0	0	0	0	0	0	0	14	1	0	0	0	0	0	0	0	0	0	0	0	4131.5	563.89
PBC-PR-6403_1A_Scan1.qptiff - resolution #1	60fa08ac-d23f-4464-adfa-4f5f4a60f8c4	Annotation		LA	Root object (Image)	Polygon	4301.8	10800.4	24	0	0	0	0	0	0	0	0	10	2	0	0	0	0	0	0	0	0	0	0	0	0	0	10	0	0	0	0	0	0	0	0	0	0	0	0	2223.5	325.63
PBC-PR-6403_1A_Scan1.qptiff - resolution #1	2e52f866-5c7e-461d-81a4-d2e76f69a2e6	Annotation		CD21+	Root object (Image)	Geometry	7041.2	10865	356	1	0	1	0	9	4	0	0	18	2	11	42	108	3	5	38	48	1	0	16	2	3	1	9	9	3	1	0	0	0	0	0	0	0	0	0	32800	984.82
PBC-PR-6403_1A_Scan1.qptiff - resolution #1	2dfc847f-b39d-4b04-9f57-e6b4220413df	Annotation		LA	Root object (Image)	Geometry	7130.7	10937.3	712	0	0	0	0	0	0	0	0	254	60	1	0	0	0	0	0	0	0	0	0	0	0	0	172	8	5	0	5	0	1	2	0	0	0	0	0	64370	4749.4
PBC-PR-6403_1A_Scan1.qptiff - resolution #1	6c9e0535-4409-4bd6-9a94-2f969deb8912	Annotation		LA	Root object (Image)	Polygon	7263.7	11004.1	17	0	0	0	0	0	0	0	0	4	1	0	0	0	0	0	0	0	0	0	0	0	0	0	6	0	1	0	0	0	0	0	0	0	0	0	0	1545.4	254.15
PBC-PR-6403_1A_Scan1.qptiff - resolution #1	dfdcb3c8-cf25-482f-a5b3-fa9133e6d256	Annotation		LA	Root object (Image)	Geometry	7542.9	11420.5	62	0	0	0	0	0	0	0	0	5	4	0	0	0	0	0	0	0	0	0	0	0	0	0	43	0	0	0	2	0	0	0	0	0	0	0	0	6244.6	667.14
PBC-PR-6403_1A_Scan1.qptiff - resolution #1	569d247d-e4af-4b02-a8b1-950cd9a6a6cb	Annotation		LA	Root object (Image)	Polygon	13292.6	11521.7	20	0	0	0	0	0	0	0	0	4	0	0	0	0	0	0	0	0	0	0	0	0	0	0	9	0	0	0	1	0	0	0	0	0	0	0	0	1718.8	246.2
PBC-PR-6403_1A_Scan1.qptiff - resolution #1	365bf8d7-0a26-4f2b-91d6-2f56b2a1e5a0	Annotation		LA	Root object (Image)	Geometry	13169.3	11542.2	193	0	0	0	0	0	0	0	0	85	6	0	0	0	0	0	0	0	0	0	0	0	0	0	23	3	1	0	2	0	0	0	0	0	0	0	0	17156.9	1453.4
PBC-PR-6403_1A_Scan1.qptiff - resolution #1	6020e80b-55f3-436e-a498-4d3650b1a6cc	Annotation		LA	Root object (Image)	Polygon	12416	11900.8	19	0	0	0	0	0	0	0	0	1	0	0	0	0	0	0	0	0	0	0	0	0	0	0	8	0	0	0	0	0	0	0	0	0	0	0	0	1718.8	309.74
PBC-PR-6403_1A_Scan1.qptiff - resolution #1	c99dba09-fa16-4329-93a1-c51990c57c59	Annotation		LA	Root object (Image)	Polygon	12241.1	12016.7	86	0	0	0	0	0	0	0	0	37	3	0	0	0	0	0	0	0	0	0	0	0	0	0	22	1	0	0	0	0	0	0	0	0	0	0	0	7853.1	992.76
PBC-PR-6403_1A_Scan1.qptiff - resolution #1	5af3bb8a-ffee-477d-a8e0-ec426b4e459b	Annotation		CD21+	Root object (Image)	Polygon	7944.6	12736.2	56	0	0	0	0	0	0	0	0	4	0	1	13	26	2	3	0	1	0	0	2	0	1	1	2	0	0	0	0	0	0	0	0	0	0	0	0	4383.8	309.74
PBC-PR-6403_1A_Scan1.qptiff - resolution #1	cc5eb123-ba87-4979-b283-74c1e5ddb87f	Annotation		LA	Root object (Image)	Geometry	7924.5	12752.2	117	0	0	0	0	0	0	0	0	36	5	0	0	0	0	0	0	0	0	0	1	0	0	0	45	0	0	0	3	0	0	0	0	0	0	0	0	11275	1453.4
PBC-PR-6403_1A_Scan1.qptiff - resolution #1	f649d906-2823-4339-a51a-97452bc8863c	Annotation		LA	Root object (Image)	Polygon	11990.1	12883.7	36	0	0	6	0	0	0	0	0	6	3	0	0	0	2	0	0	0	0	0	0	0	0	0	16	0	0	0	0	0	0	0	0	0	0	0	0	3106.5	460.64
PBC-PR-6403_1A_Scan1.qptiff - resolution #1	bb3e9f74-3b9f-477c-9548-f06131865ae9	Annotation		LA	Root object (Image)	Polygon	11751.9	13109.9	33	0	0	2	10	0	0	0	1	0	2	0	0	0	1	6	0	0	0	2	0	0	0	0	1	0	0	0	0	0	0	0	1	1	4	1	0	4446.9	476.53
PBC-PR-6403_1A_Scan1.qptiff - resolution #1	b9c765ae-c3ed-416d-b314-562f329cd987	Annotation		CD21+	Root object (Image)	Geometry	11577.8	13170.1	37	0	0	0	2	0	0	0	0	0	0	0	0	0	1	13	0	0	3	10	0	0	0	0	0	0	0	0	0	0	0	0	1	4	1	2	0	6355	683.02
PBC-PR-6403_1A_Scan1.qptiff - resolution #1	42913280-8059-47f0-8200-f302584446b2	Annotation		CD21+	Root object (Image)	Polygon	11655.7	13230.1	21	1	0	0	6	0	0	0	0	0	0	0	0	0	0	13	0	0	0	1	0	0	0	0	0	0	0	0	0	0	0	0	0	0	0	0	0	1608.5	349.45
PBC-PR-6403_1A_Scan1.qptiff - resolution #1	f4790e9c-8abc-40cb-b25a-5f822f35a7fb	Annotation		CD21+	Root object (Image)	Polygon	11922.2	13673.1	26	1	0	0	9	0	0	0	0	0	0	0	0	0	0	13	0	0	0	3	0	0	0	0	0	0	0	0	0	0	0	0	0	0	0	0	0	2743.8	428.87
PBC-PR-6403_1A_Scan1.qptiff - resolution #1	ca5631b8-b329-4c5d-8083-01d90d325d90	Annotation		LA	Root object (Image)	Polygon	12322.2	14614.9	38	0	0	0	0	0	0	0	0	6	5	0	0	0	0	0	0	0	0	0	0	0	0	0	11	1	1	0	2	0	0	0	0	0	0	0	0	3295.8	587.72
PBC-PR-6403_1A_Scan1.qptiff - resolution #1	83ae1faa-eaa8-435d-9eae-a0abb35746f1	Annotation		LA	Root object (Image)	Polygon	10446.4	14979.2	23	0	0	0	0	0	0	0	0	4	0	0	0	0	0	0	0	0	0	0	0	0	0	0	17	0	0	0	0	0	0	0	0	0	0	0	0	1671.5	333.57
PBC-PR-6403_1A_Scan1.qptiff - resolution #1	5d84d24d-b037-41bf-bd4d-7573583c0c1e	Annotation		LA	Root object (Image)	Geometry	9811.7	15351.3	185	0	0	0	2	0	0	0	0	50	25	0	0	0	0	0	0	0	0	0	4	0	0	0	66	1	0	1	1	0	0	0	0	0	0	0	0	15926.9	1794.9
PBC-PR-6403_1A_Scan1.qptiff - resolution #1	d71fd577-3065-4143-a193-fb49fe51d27e	Annotation		CD21+	Root object (Image)	Geometry	9799.7	15366.2	52	0	0	0	0	0	0	0	0	11	0	4	3	16	0	1	0	0	0	0	7	0	0	1	1	0	0	0	0	0	0	0	0	0	0	0	0	4178.8	635.37
PBC-PR-6403_1A_Scan1.qptiff - resolution #1	6061112a-2367-4479-885d-b6f60a776274	Annotation		LA	Root object (Image)	Polygon	10006.5	15440.4	39	0	0	0	0	0	0	0	0	2	1	0	0	0	0	0	0	0	0	0	0	0	0	0	27	0	0	0	0	0	0	0	0	0	0	0	0	3090.8	357.39
PBC-PR-6403_1A_Scan1.qptiff - resolution #1	d5ca04a9-a86c-4c3d-84e0-375e4e1b5c14	Annotation		LA	Root object (Image)	Geometry	10122.7	15855.3	118	0	0	0	0	0	0	0	0	60	4	0	0	0	0	0	0	0	0	0	0	0	0	0	12	1	0	1	0	0	0	0	0	0	0	0	0	9981.9	1111.9
PBC-PR-6403_1A_Scan1.qptiff - resolution #1	73ec8803-41c5-4076-bee4-2b5431672874	Annotation		LA	Root object (Image)	Polygon	9499.8	16076.1	16	0	0	0	0	0	0	0	0	1	0	0	0	0	0	0	0	0	0	0	0	0	0	0	8	0	0	0	2	0	0	0	0	0	0	0	0	1561.2	349.45
PBC-PR-6403_1A_Scan1.qptiff - resolution #1	0bf0faab-511b-4b5b-838d-43e7d64c35cb	Annotation		LA	Root object (Image)	Geometry	9567.4	16196.5	111	0	0	0	0	0	0	0	0	16	6	0	0	0	0	0	0	0	0	0	0	0	0	0	59	5	1	0	1	0	0	0	0	0	0	0	0	9966.1	1231
PBC-PR-6403_1A_Scan1.qptiff - resolution #1	a41c0bf9-f4ec-4cfc-9c31-52555f12660e	Annotation		LA	Root object (Image)	Polygon	10474	16468.4	21	0	0	0	0	0	0	0	0	4	0	0	0	0	0	0	0	0	0	0	0	0	0	0	6	1	0	0	0	0	0	0	0	0	0	0	0	1703.1	238.26
PBC-PR-6403_1A_Scan1.qptiff - resolution #1	25f6aee9-ca19-4ff8-88bd-40b3ec37d28c	Annotation		CD21+	Root object (Image)	Geometry	10299.5	16504.1	162	2	1	1	0	0	0	0	0	19	1	4	29	48	2	6	0	0	0	0	16	1	0	0	5	0	0	0	0	0	0	0	0	0	0	0	0	14003.1	1104
PBC-PR-6403_1A_Scan1.qptiff - resolution #1	70756485-cf7a-49e4-89b2-e5aa9e544ac4	Annotation		LA	Root object (Image)	Geometry	10302.2	16505.5	352	0	2	0	3	0	0	0	0	127	14	0	0	0	0	0	0	0	0	0	1	0	0	0	72	3	2	3	2	0	0	0	0	0	0	0	0	30355.7	3200.7
PBC-PR-6403_1A_Scan1.qptiff - resolution #1	edb21b6b-987a-4612-99dd-5e292a3ff086	Annotation		LA	Root object (Image)	Polygon	4615.8	17072.1	25	0	0	0	0	0	0	0	0	1	1	0	0	0	0	0	0	0	0	0	0	0	0	0	18	0	0	0	1	0	0	0	0	0	0	0	0	1892.3	405.05
PBC-PR-6403_1A_Scan1.qptiff - resolution #1	fe463c51-ae4c-4d2f-abde-620aa185cf7c	Annotation		LA	Root object (Image)	Polygon	4907.7	17194.3	30	0	0	0	0	0	0	0	0	1	3	0	0	0	0	0	0	0	0	0	0	0	0	0	21	0	0	0	2	0	0	0	0	0	0	0	1	3122.3	532.12
PBC-PR-6403_1A_Scan1.qptiff - resolution #1	4a21cf81-e9d5-48d1-b73d-49f59264547f	Annotation		LA	Root object (Image)	Polygon	14583.8	17425.8	36	0	0	0	0	0	0	0	0	18	1	0	0	0	0	0	0	0	0	0	0	0	0	0	3	0	0	0	0	0	0	0	0	0	0	0	0	3090.8	468.58
PBC-PR-6403_1A_Scan1.qptiff - resolution #1	8ce28339-be45-45ff-b0db-dff7997f9865	Annotation		LA	Root object (Image)	Geometry	14615.8	17766.9	53	0	0	0	0	0	0	0	0	0	0	0	0	0	0	0	0	0	0	0	0	0	0	0	51	0	0	0	0	0	0	0	0	0	0	0	0	3926.5	675.08
PBC-PR-6403_1A_Scan1.qptiff - resolution #1	78b9d72b-eaf8-4436-bd05-e198f5ed9705	Annotation		LA	Root object (Image)	Geometry	9981.2	17789.2	175	0	0	0	0	0	0	0	0	75	6	0	0	0	0	0	0	0	0	0	0	0	0	0	25	1	0	0	0	0	0	0	0	0	0	0	0	13072.7	1318.4
PBC-PR-6403_1A_Scan1.qptiff - resolution #1	67703def-f987-4221-8f31-c9401395cce6	Annotation		LA	Root object (Image)	Geometry	14771	17827.4	352	0	0	0	0	0	0	0	0	167	23	0	0	0	0	0	0	0	0	0	0	0	0	0	65	0	0	0	1	0	0	0	0	0	0	0	0	31065.4	2279.4
PBC-PR-6403_1A_Scan1.qptiff - resolution #1	30e8dcb1-1420-444e-916e-67c9e5395528	Annotation		CD21+	Root object (Image)	Polygon	10043.7	17893.2	103	0	0	0	0	0	0	0	0	13	0	9	17	27	0	3	0	0	0	0	8	0	1	0	2	0	0	0	0	0	0	0	0	0	0	0	0	8862.3	921.28
PBC-PR-6403_1A_Scan1.qptiff - resolution #1	b13be706-3fee-4c26-8391-59b32e6199ce	Annotation		LA	Root object (Image)	Polygon	14906.7	17924.6	31	0	0	0	0	0	0	0	0	2	0	0	0	0	0	0	0	0	0	0	0	0	0	0	22	0	0	0	0	0	0	0	0	0	0	0	0	2586.2	468.58
PBC-PR-6403_1A_Scan1.qptiff - resolution #1	a1227763-2145-41ce-ba3a-d705664b770d	Annotation		LA	Root object (Image)	Geometry	10127.6	17964	204	2	3	0	4	0	0	0	0	70	7	0	0	0	0	0	0	0	0	0	0	0	0	0	31	2	3	0	2	0	0	1	0	0	0	0	1	18245	1270.7
PBC-PR-6403_1A_Scan1.qptiff - resolution #1	f8a1abdd-4113-4d20-9239-ae335ddfce43	Annotation		LA	Root object (Image)	Geometry	12687.6	18273	139	0	1	5	3	0	0	1	1	27	38	0	0	0	0	0	0	0	0	0	0	0	0	0	57	1	0	1	1	0	0	0	0	0	0	0	0	14807.3	873.63
PBC-PR-6403_1A_Scan1.qptiff - resolution #1	4b1fd284-d022-463a-b236-9770172841dd	Annotation		LA	Root object (Image)	Geometry	14964.8	18480.2	68	0	0	0	0	0	0	0	0	7	6	0	0	0	0	0	0	0	0	0	0	0	0	0	36	0	0	0	0	0	0	0	0	0	0	0	0	5582.3	802.15
PBC-PR-6403_1A_Scan1.qptiff - resolution #1	e8797378-ff52-42ca-a30a-0fa1a676b054	Annotation		LA	Root object (Image)	Polygon	13372.5	18611.2	100	0	0	0	0	0	0	0	0	49	7	0	0	0	0	0	0	0	0	0	0	0	0	0	12	0	1	0	1	0	0	0	0	0	0	0	0	8452.3	953.05
PBC-PR-6403_1A_Scan1.qptiff - resolution #1	d1b0ae8a-f5cf-48be-a911-c2f96ae58fad	Annotation		LA	Root object (Image)	Polygon	7973.1	19081.4	37	0	0	0	0	0	0	0	0	7	0	0	0	0	0	0	0	0	0	0	0	0	0	0	20	0	0	0	0	0	0	0	0	0	0	0	0	2554.6	405.05
PBC-PR-6403_1A_Scan1.qptiff - resolution #1	9d4f1eb3-da00-451a-b8fb-9ab2139fa837	Annotation		LA	Root object (Image)	Polygon	7763.3	19139.6	20	0	0	0	0	0	0	0	0	5	0	0	0	0	0	0	0	0	0	0	0	0	0	0	5	0	0	0	0	0	0	0	0	0	0	0	0	1529.6	206.49
PBC-PR-6403_1A_Scan1.qptiff - resolution #1	edd28ee3-372d-49d4-ac5e-a89d86ac8740	Annotation		LA	Root object (Image)	Geometry	8050.6	19360.3	1132	0	0	0	0	0	0	0	0	475	22	0	0	0	0	0	0	0	0	0	0	0	0	0	141	6	1	0	4	1	0	0	0	0	0	0	0	94631.1	7211.4
PBC-PR-6403_1A_Scan1.qptiff - resolution #1	625fd7e4-0693-4d03-bf6d-56ca84ece039	Annotation		CD21+	Root object (Image)	Geometry	8010.5	19387.1	248	0	0	0	0	0	0	0	0	68	0	15	31	44	0	0	0	0	0	0	30	2	0	0	2	2	0	0	1	0	0	0	0	0	0	0	0	19853.4	2009.4
PBC-PR-6403_1A_Scan1.qptiff - resolution #1	d35fac13-851a-4db0-b295-3a57329e1017	Annotation		LA	Root object (Image)	Polygon	4776	19597.7	27	0	0	0	0	0	0	0	0	0	0	0	0	0	0	0	0	0	0	0	0	0	0	0	19	3	0	0	1	0	0	0	0	0	0	0	0	2223.5	325.63
PBC-PR-6403_1A_Scan1.qptiff - resolution #1	9b3e696e-c2e8-48e0-93c6-3c21616e2a3f	Annotation		LA	Root object (Image)	Geometry	15293	20557.6	158	0	0	0	0	0	0	0	0	27	3	0	0	0	0	0	0	0	0	0	0	0	0	0	56	2	0	0	1	1	0	0	0	0	0	0	1	14365.8	1572.5
PBC-PR-6403_1A_Scan1.qptiff - resolution #1	0bd779e1-18c0-4780-91cd-8f5e2654c359	Annotation		LA	Root object (Image)	Geometry	7267.8	20737.9	64	0	0	0	0	0	0	0	0	17	6	0	0	0	0	0	0	0	0	0	1	0	0	0	16	1	0	0	1	0	0	0	0	0	0	0	0	4888.5	833.92
PBC-PR-6403_1A_Scan1.qptiff - resolution #1	4dc09fe1-594a-4f4c-ba18-c3b396af06bc	Annotation		LA	Root object (Image)	Geometry	14541.3	21038.6	79	0	0	0	0	0	0	0	0	34	1	0	0	0	0	0	0	0	0	0	0	0	0	0	12	0	0	0	1	0	0	0	0	0	0	0	0	7127.7	992.76
PBC-PR-6403_1A_Scan1.qptiff - resolution #1	811f60cd-5621-4686-879e-5e8b773d41fa	Annotation		CD21+	Root object (Image)	Polygon	9549.8	21470.3	26	0	0	0	0	0	0	0	0	0	0	0	26	0	0	0	0	0	0	0	0	0	0	0	0	0	0	0	0	0	0	0	0	0	0	0	0	1923.8	381.22
PBC-PR-6403_1A_Scan1.qptiff - resolution #1	9d7afffe-26bd-40fb-a32f-fd1e9aed4aa6	Annotation		LA	Root object (Image)	Geometry	2857.5	21548.7	93	0	0	0	0	0	0	0	0	42	4	0	0	0	0	0	0	0	0	0	0	0	0	0	15	1	1	0	0	0	0	0	0	0	0	0	0	7758.5	802.15
PBC-PR-6403_1A_Scan1.qptiff - resolution #1	5d31ea36-51aa-40cf-af7d-7d35d5270995	Annotation		LA	Root object (Image)	Polygon	9517.6	21715.5	65	0	0	3	2	0	0	0	0	0	4	0	0	0	0	1	0	0	0	0	0	0	0	0	49	0	0	0	3	0	0	0	0	0	0	0	0	5661.1	873.63
PBC-PR-6403_1A_Scan1.qptiff - resolution #1	e5ad9928-194d-49d4-905c-6105569501e3	Annotation		LA	Root object (Image)	Geometry	12165	22861.7	67	0	0	0	0	0	0	0	0	19	2	0	0	0	0	0	0	0	0	0	0	0	0	0	23	1	0	0	0	0	0	0	0	0	0	0	0	4825.4	651.25
